USE QLBanGiay
GO
--
INSERT INTO LoaiNguoiDung
	VALUES ('75523BB6-C366-4A28-A85C-B4C8C1D5747A', 'USR-WMT', N'Webmaster', N'Không khoá'),
		   ('15CF8A9B-517E-4BAE-91E2-F30C596990ED', 'USR-CUS', N'Khách hàng', N'Không khoá'),
		   ('EA9FC9A5-9C26-40A4-9E8E-BB3DAE4E0156', 'USR-MER', N'Thương nhân', N'Không khoá')

INSERT INTO TaiKhoan
	VALUES('CA2EE7E2-7F64-4A5A-A49B-E22E9E05F053', 'merchant1', 'F98919752BF9BFB31E539A1FE663FD68', 'hieu.trung.030197@gmail.com', N'Hiếu Trung', '09354268754', '654238415', 'EA9FC9A5-9C26-40A4-9E8E-BB3DAE4E0156', GETDATE(), 0, N'Không khoá'),
	      ('18D79B1D-EE48-459A-AD1D-09A05A4773AD', 'merchant2', '8B550A0CA911A53B1C6FC398C7828F40', 'tnngo.97@gmail.com', N'Thị Nho', '09345123654', '356984126', 'EA9FC9A5-9C26-40A4-9E8E-BB3DAE4E0156', GETDATE(), 0, N'Không khoá'),
		  ('499A28F6-67A2-4D2D-B027-183058A07646', 'merchant3', '3E99AD8EE3FBCBFA3D369D7FB0B0EA89', 'merchant03@gmail.com', N'Thanh Thảo', '0935426714', '657135426', 'EA9FC9A5-9C26-40A4-9E8E-BB3DAE4E0156', GETDATE(), 0, N'Không khoá'),
		  ('739E7B3F-D6B8-4C48-81B4-487B75589E80', 'merchant4', 'DBB63DEE74EAD9034DEFD63D91D197E9', 'merchant04@gmail.com', N'Bá Đông', '0936582613', '958743265', 'EA9FC9A5-9C26-40A4-9E8E-BB3DAE4E0156', GETDATE(), 0, N'Không khoá'),
		  ('9D042E88-B462-4811-9FED-4CC6A1C7A3AC', 'merchant5', 'B522147E61BA70E1757ADF4988757BCA', 'merchant05@gmail.com', N'Lý Thành', '0934513559', '154786254', 'EA9FC9A5-9C26-40A4-9E8E-BB3DAE4E0156', GETDATE(), 0, N'Không khoá'),
		  ('1A31055B-A4BB-4BD7-81AB-1792CEB4B080', 'merchant6', 'F0277B130FA4966F39FD1986168DC042', 'merchant06@gmail.com', N'Quốc Thắng', '0937423651', '597326549', 'EA9FC9A5-9C26-40A4-9E8E-BB3DAE4E0156', GETDATE(), 0, N'Không khoá'),
		  ('0C2F1A1B-6412-4FE2-B229-5FCE555349FC', 'customer1', 'FFBC4675F864E0E9AAB8BDF7A0437010', 'chunglinhdan@gmail.com', N'Trang Thảo', '0934851349', '954134782', '15CF8A9B-517E-4BAE-91E2-F30C596990ED', GETDATE(), NULL, N'Không khoá'),
		  ('1FFCCD2B-D22D-4F01-8E5B-2CA3B690D5D7', 'customer2', '5CE4D191FD14AC85A1469FB8C29B7A7B', 'quachdaivy7@gmail.com', N'Đại Vĩ', '0935684251', '597268451', '15CF8A9B-517E-4BAE-91E2-F30C596990ED', GETDATE(), NULL, N'Không khoá'),
		  ('7C24DC80-B487-40D2-A656-B6358962BBF5', 'customer3', '033F7F6121501AE98285AD77F216D5E7', 'customer3@gmail.com', N'Anh Vũ', '0934621574', '684326519', '15CF8A9B-517E-4BAE-91E2-F30C596990ED', GETDATE(), NULL, N'Không khoá'),
		  ('1D154C23-D7F1-47C6-8E3A-4CA13CBC837D', 'customer4', '55FEB130BE438E686AD6A80D12DD8F44', 'customer4@gmail.com', N'Kiến Vinh', '0934625795', '132574985', '15CF8A9B-517E-4BAE-91E2-F30C596990ED', GETDATE(), NULL, N'Không khoá'),
		  ('EA550E6B-34F1-45F7-BEAB-52435507FD03', 'customer5', '9E8486CDD435BEDA9A60806DD334D964', 'customer5@gmail.com', N'Anh Dũng', '0931652346', '953264158', '15CF8A9B-517E-4BAE-91E2-F30C596990ED', GETDATE(), NULL, N'Không khoá'),
		  ('5FED6DA6-45E0-4825-8B03-689E30C5EC17', 'customer6', 'DBAA8BD25E06CC641F5406027C026E8B', 'customer6@gmail.com', N'Minh Bảo', '0934851362', '745632658', '15CF8A9B-517E-4BAE-91E2-F30C596990ED', GETDATE(), NULL, N'Không khoá'),
		  ('87186AF2-0D45-4ACD-898D-D799728C08AE', 'admin', '21232F297A57A5A743894A0E4A801FC3', 'feast.pock@gmail.com', N'Thiên Tuấn', '0934816735', '341267458', '75523BB6-C366-4A28-A85C-B4C8C1D5747A', GETDATE(), NULL, N'Không khoá'),
		  ('8634C513-90FB-4DB7-9E80-F8278ECDEF68', 'admin2', 'C84258E9C39059A89AB77D846DDAB909', 'admin2@gmail.com', N'Hoàng Tuấn', '0934125436', '6598742365', '75523BB6-C366-4A28-A85C-B4C8C1D5747A', GETDATE(), NULL, N'Không khoá')

INSERT INTO DiaChi
	VALUES('A42E13C6-0AAE-469C-B5A1-3ECDDC7767EB', 'CA2EE7E2-7F64-4A5A-A49B-E22E9E05F053', N'209 Trần Phú P4 Q5', '1D683773-5757-4C4E-BE2B-5537B5F567BD', N'Không khoá'),
		  ('239C76CD-7C6B-4F38-8D1A-22080B75C18C', 'CA2EE7E2-7F64-4A5A-A49B-E22E9E05F053', N'94 Nguyễn Chí Thanh P3 Q10', '1D683773-5757-4C4E-BE2B-5537B5F567BD', N'Không khoá'),
		  ('CC133D4A-805C-456A-BD6A-F735561DEDA6', '18D79B1D-EE48-459A-AD1D-09A05A4773AD', N'386 Lê Hồng Phong P1 Q10', '1D683773-5757-4C4E-BE2B-5537B5F567BD', N'Không khoá'),
		  ('012D35DA-6F9F-477B-B6D9-4D3190AC539F', '499A28F6-67A2-4D2D-B027-183058A07646', N'S322B Quốc lộ 62 P6', 'EF349D02-B36F-4BB5-B52E-152454BF2454', N'Không khoá'),
		  ('7B1C2C92-4C07-46E1-A5E5-644A766F023E', '739E7B3F-D6B8-4C48-81B4-487B75589E80', N'92A Tán Kế P3', '00FEDBBC-6BBA-4BB7-80B8-66A5E3AFF7CC', N'Không khoá'),
		  ('447076CA-E76C-4CF6-A55E-62C68F6B18E9', '9D042E88-B462-4811-9FED-4CC6A1C7A3AC', N'49 Cách Mạng Tháng Tám P3', '00FEDBBC-6BBA-4BB7-80B8-66A5E3AFF7CC', N'Không khoá'),
		  ('38E1D107-A4E9-4C6C-AB50-3B4DFA5573D4', '1A31055B-A4BB-4BD7-81AB-1792CEB4B080', N'466C5 Nguyễn Huệ P.Phú Khương', '00FEDBBC-6BBA-4BB7-80B8-66A5E3AFF7CC', N'Không khoá'),
		  ('9B71D7CA-08F7-403B-BA95-38D2E4BDE140', '0C2F1A1B-6412-4FE2-B229-5FCE555349FC', N'236 Phó Cơ Điều P6 Q11', '1D683773-5757-4C4E-BE2B-5537B5F567BD', N'Không khoá'),
		  ('DF75434B-4CB4-4515-9A44-FB8239CA6AD7', '0C2F1A1B-6412-4FE2-B229-5FCE555349FC', N'440 Trần Văn Đang P10 Q3', '1D683773-5757-4C4E-BE2B-5537B5F567BD', N'Không khoá'),
		  ('C7120B3E-B986-4A98-AACF-36CF83D124C7', '1FFCCD2B-D22D-4F01-8E5B-2CA3B690D5D7', N'289 Lãnh Binh Thăng P8 Q11', '1D683773-5757-4C4E-BE2B-5537B5F567BD', N'Không khoá'),
		  ('700FC48E-6033-440F-9DFE-4D7A137A1251', '7C24DC80-B487-40D2-A656-B6358962BBF5', N'220 Nguyễn Tri Phương Q.Thanh Khê', '005A59B7-3812-4B23-B154-D8894AB92905', N'Không khoá'),
		  ('32D3A808-0F76-473F-8BE0-80BCC6489DA5', '1D154C23-D7F1-47C6-8E3A-4CA13CBC837D', N'39 Núi Thành Q.Hải Châu', '005A59B7-3812-4B23-B154-D8894AB92905', N'Không khoá'),
		  ('424C7F44-CAC8-4228-93EF-A7B0FC80E058', 'EA550E6B-34F1-45F7-BEAB-52435507FD03', N'38 Trần Cao Vân', 'AD60B8AA-732B-4546-9EB1-0E0E565D3417', N'Không khoá'),
		  ('F0A0BEC1-F0EF-41AD-9311-57CF95177F33', '5FED6DA6-45E0-4825-8B03-689E30C5EC17', N'80 Mai Thúc Loan, Thuận Lộc', 'AD60B8AA-732B-4546-9EB1-0E0E565D3417', N'Không khoá'),
		  ('752E8997-23E9-4DC4-8529-5FBC68066895', '87186AF2-0D45-4ACD-898D-D799728C08AE', N'482 Hồng Bàng P6 Q6', '1D683773-5757-4C4E-BE2B-5537B5F567BD', N'Không khoá'),
		  ('8D644CFB-1075-4895-AA04-4EC46EA6B786', '8634C513-90FB-4DB7-9E80-F8278ECDEF68', N'56 Bành Văn Trân P7 Q.Tân Bình', '1D683773-5757-4C4E-BE2B-5537B5F567BD', N'Không khoá')

INSERT INTO GianHang
	VALUES('2AE717B5-01AC-47DB-97FF-550130D1C537', 'GH-1', N'Gói 1 tháng', 400000, 1),
		  ('3AE382C3-D4D9-44ED-8D0C-DBFA911A13BA', 'GH-2', N'Gói 2 tháng', 780000, 2),
		  ('9FDEDF57-2F92-40B9-81CA-96A37472A81E', 'GH-3', N'Gói 6 tháng', 2200000, 6),
		  ('80FF7A53-99C8-4505-AA5A-F19F1D82A5C6', 'GH-4', N'Gói 1 năm', 4200000, 12)

INSERT INTO LichSuGianHang
	VALUES('B1AD6C00-2136-476A-A120-1CCBAB3147F2', 'CA2EE7E2-7F64-4A5A-A49B-E22E9E05F053', '80FF7A53-99C8-4505-AA5A-F19F1D82A5C6', GETDATE()),
		  ('B4000F6F-DE84-4467-92B9-3FAF28CB9F4C', '18D79B1D-EE48-459A-AD1D-09A05A4773AD', '9FDEDF57-2F92-40B9-81CA-96A37472A81E', GETDATE()),
		  ('F15D5293-3369-45A9-93D3-BE3D5D00378F', '499A28F6-67A2-4D2D-B027-183058A07646', '3AE382C3-D4D9-44ED-8D0C-DBFA911A13BA', GETDATE()),
		  ('1640280A-A9BC-485C-8FD1-5A3A3D2546A7', '739E7B3F-D6B8-4C48-81B4-487B75589E80', '2AE717B5-01AC-47DB-97FF-550130D1C537', GETDATE())
GO

CREATE TRIGGER TG_ThemThoiGian_GianHang ON LichSuGianHang AFTER INSERT
AS
	DECLARE @IdLichSuGianHang UNIQUEIDENTIFIER
	DECLARE @IdTaiKhoan UNIQUEIDENTIFIER
	DECLARE @IdGianHang UNIQUEIDENTIFIER
	DECLARE @ThoiGian INT
	DECLARE @ThoiHanGianHang DATETIME
	--
	DECLARE CUR CURSOR FOR
	SELECT i.Id, i.IdTaiKhoan, i.IdGianHang, g.ThoiGian
	FROM inserted i JOIN GianHang g ON i.IdGianHang = g.Id
	--
	OPEN CUR
	FETCH NEXT FROM CUR INTO @IdLichSuGianHang, @IdTaiKhoan, @IdGianHang, @ThoiGian
	WHILE @@FETCH_STATUS = 0
	BEGIN
		SELECT @ThoiHanGianHang = ThoiHanGianHang
		FROM TaiKhoan
		WHERE Id = @IdTaiKhoan
		--
		IF(@ThoiHanGianHang < GETDATE())
		BEGIN
			--Update LichSuGianHang--
			UPDATE LichSuGianHang
			SET NgayBatDau = GETDATE(), NgayKetThuc = DATEADD(DAY, @ThoiGian, GETDATE())
			WHERE Id = @IdLichSuGianHang
			--Update TaiKhoan--
			UPDATE TaiKhoan
			SET ThoiHanGianHang = DATEADD(DAY, @ThoiGian, GETDATE())
			WHERE Id = @IdTaiKhoan
		END
		ELSE
		BEGIN
			--Update LichSuGianHang--
			UPDATE LichSuGianHang
			SET NgayBatDau = @ThoiHanGianHang, NgayKetThuc = DATEADD(DAY, @ThoiGian, @ThoiHanGianHang)
			WHERE Id = @IdLichSuGianHang
			--Update TaiKhoan--
			UPDATE TaiKhoan
			SET	ThoiHanGianHang = DATEADD(DAY, @ThoiGian, ThoiHanGianHang)
			WHERE Id = @IdTaiKhoan
		END
		FETCH NEXT FROM CUR INTO @IdTaiKhoan, @IdGianHang, @ThoiGian
	END
	CLOSE CUR
	DEALLOCATE CUR
GO

CREATE TRIGGER TG_SuaThoiGian_GianHang ON LichSuGianHang AFTER UPDATE
AS
	DECLARE @ThoiGian INT
	DECLARE @IdTaiKhoan UNIQUEIDENTIFIER
	--
	SELECT @IdTaiKhoan = i.IdTaiKhoan, @ThoiGian = g.ThoiGian
	FROM inserted i JOIN GianHang g ON i.IdGianHang = g.Id
	--
	UPDATE TaiKhoan
	SET ThoiHanGianHang = DATEADD(DAY, -@ThoiGian, ThoiHanGianHang)
	WHERE Id = @IdTaiKhoan
GO

INSERT INTO SanPham
VALUES ('B77D9CF5-E9A2-4D31-9490-25E4E3971C61','G-1',N'Supernova Aktiv Da9657','18D79B1D-EE48-459A-AD1D-09A05A4773AD',N'Đen','5D85DE48-9D68-4F79-A951-24201CF7D4D4',N'Nam',2380000,N'56519.jpg',N'Làm bằng vải, cao su','',N'Không Khoá'),
	   ('1BACE5D5-2C2B-41DA-9825-8ABAC7C95E38','G-2',N'Supernova Aktiv Da9657','CA2EE7E2-7F64-4A5A-A49B-E22E9E05F053',N'Đen','5D85DE48-9D68-4F79-A951-24201CF7D4D4',N'Nam',2380000,N'56519.jpg','','',N'Không Khoá'),
	   ('8BF0E51F-1C56-4033-A3D2-88B6D9FE2AA6','G-3',N'Adidas NMD R1 OG','18D79B1D-EE48-459A-AD1D-09A05A4773AD',N'Đen Xanh Đỏ','5D85DE48-9D68-4F79-A951-24201CF7D4D4',N'Nam',6800000,N'adidas_nmd_r1 og.jpg','','',N'Không khoá'),
	   ('51889068-C03B-4C21-A5DE-60F94775F5E8','G-4',N'Supreme x Vans Sk8-Mid Pro','18D79B1D-EE48-459A-AD1D-09A05A4773AD',N'Vàng nâu','41505B64-32C5-4CC7-8791-4CF6EE5788E8',N'Nam',5000000,N'vans-supreme-leopard.jpg','','',N'Không khoá'),
	   ('EE9FB193-E170-4675-949A-211BB4BA1D6A','G-5',N'Converse Chuck Taylor','18D79B1D-EE48-459A-AD1D-09A05A4773AD',N'Đen','DE7797B9-028B-4DF7-A6B0-5E10A45E0608',N'Nữ',1788000,N'converse_chuck_taylor_allstar.jpg','',10,N'Không khoá'),
	   ('0D60B157-20D6-4CD3-BAF8-92D346FBD47E','G-6',N'Adidas NMD R2','CA2EE7E2-7F64-4A5A-A49B-E22E9E05F053',N'Trắng','5D85DE48-9D68-4F79-A951-24201CF7D4D4',N'Nữ',2600000,N'adidas_nmd_r2.jpg','','',N'Không khoá'),
	   
	   ('CDA692F1-8559-454D-8702-E89D06CBA617','G-7',N'Converse Chuck Taylor All Star Dainty Holiday Scene Seasonal Canvas','18D79B1D-EE48-459A-AD1D-09A05A4773AD',N'Trắng','DE7797B9-028B-4DF7-A6B0-5E10A45E0608',N'Nữ',1200000,N'chuck-taylor-all-star-dainty-holiday-scene-seasonal-canvas.jpg',N'','',N'Không Khoá'),
	   ('3014E623-489E-4258-8B49-B3583107347F','G-8',N'Converse Chuck Taylor All Star Shoreline Wonderland','CA2EE7E2-7F64-4A5A-A49B-E22E9E05F053',N'Tím','DE7797B9-028B-4DF7-A6B0-5E10A45E0608',N'Nữ',1300000,N'chuck-taylor-all-star-shoreline-wonderland.jpg','','',N'Không Khoá'),
	   ('1949BFBC-D0A7-4B5D-879F-AA4B43067DE0','G-9',N'Converse Chuck Taylor All Star Seasonal Canvas Color','18D79B1D-EE48-459A-AD1D-09A05A4773AD',N'Xanh','DE7797B9-028B-4DF7-A6B0-5E10A45E0608',N'Nữ',1200000,N'chuck-taylor-all-star-seasonal-canvas-color.jpg','','',N'Không khoá'),
	   ('DA742174-B221-4FD0-8305-572073C7E045','G-10',N'Converse Chuck Taylor All Star Leather Gator','18D79B1D-EE48-459A-AD1D-09A05A4773AD',N'Kem','DE7797B9-028B-4DF7-A6B0-5E10A45E0608',N'Nữ',1800000,N'chuck-taylor-all-star-leather-gator.jpg','','',N'Không khoá'),
	   ('6FA36E51-6939-4456-B602-25B9DF0DEA54','G-11',N'Converse Chuck Taylor All Star Seasonal Color','18D79B1D-EE48-459A-AD1D-09A05A4773AD',N'Xanh','DE7797B9-028B-4DF7-A6B0-5E10A45E0608',N'Nữ',1100000,N'chuck-taylor-all-star-seasonal-color.jpg','','',N'Không khoá'),  
	   ('9B7FB6AD-6A62-41AD-936F-5AE5EFBB4E96','G-12',N'Adidas Ultraboost Shoes','CA2EE7E2-7F64-4A5A-A49B-E22E9E05F053',N'Trắng','5D85DE48-9D68-4F79-A951-24201CF7D4D4',N'Nam',4000000,N'ultraboost-shoes.jpg','','',N'Không khoá'),
	   ('7DED44CB-C3DA-4701-8051-BCB2BFE57E1D','G-13',N'Adidas Ultraboost Lth Shoes','18D79B1D-EE48-459A-AD1D-09A05A4773AD',N'Xanh','5D85DE48-9D68-4F79-A951-24201CF7D4D4',N'Nam',4500000,N'ultraboost-ltd-shoes.jpg',N'','',N'Không Khoá'),
	   ('0233F0B6-E01D-445B-8064-8EBB798B8B63','G-14',N'Adidas NMD R1 Shoes','CA2EE7E2-7F64-4A5A-A49B-E22E9E05F053',N'Trắng','5D85DE48-9D68-4F79-A951-24201CF7D4D4',N'Nam',2000000,N'superstar-shoes.jpg','','',N'Không Khoá'),
	   ('1E770E9C-A7F6-4829-BC99-2B2C231C2432','G-15',N'Adidas Superstar Shoes','18D79B1D-EE48-459A-AD1D-09A05A4773AD',N'Đen','5D85DE48-9D68-4F79-A951-24201CF7D4D4',N'Nam',3000000,N'nmd-r1-shoes.jpg','','',N'Không khoá'),
	   ('413BC289-D522-4725-874F-4A276C6E77DB','G-16',N'Vans Old Skool','18D79B1D-EE48-459A-AD1D-09A05A4773AD',N'Kem','41505B64-32C5-4CC7-8791-4CF6EE5788E8',N'Nữ',1400000,N'old-skool.jpg','','',N'Không khoá'),
	   ('BEB67101-F488-4177-8366-E8C735BB86F2','G-17',N'Vans Primary Check Old Skool','18D79B1D-EE48-459A-AD1D-09A05A4773AD',N'Đen','41505B64-32C5-4CC7-8791-4CF6EE5788E8',N'Nam',1400000,N'primary-check-old-skool.jpg','',10,N'Không khoá'),
	   ('19AB2F52-E016-4F1E-85D4-786533782B01','G-18',N'Vans Authentic','CA2EE7E2-7F64-4A5A-A49B-E22E9E05F053',N'Tím','41505B64-32C5-4CC7-8791-4CF6EE5788E8',N'Nữ',1200000,N'authentic.jpg','','',N'Không khoá')

INSERT INTO SizeSanPham
VALUES ('9DB9792B-CA17-4060-8C17-1C398BDFF9A1','B77D9CF5-E9A2-4D31-9490-25E4E3971C61',39,10,N'Không Khoá'),
	   ('960BA7B5-EDC6-41A3-9689-EFCAD8C45A48','B77D9CF5-E9A2-4D31-9490-25E4E3971C61',40,5,N'Không Khoá'),
	   ('A901122E-4F32-416C-92F9-26DE5D022985','B77D9CF5-E9A2-4D31-9490-25E4E3971C61',41,5,N'Không Khoá'),
	   ('A8397480-0235-44EC-9A9C-8B7004DCA206','1BACE5D5-2C2B-41DA-9825-8ABAC7C95E38',41,10,N'Không Khoá'),
	   ('D0019043-1336-41E1-B4FD-2BBB31DEA240','1BACE5D5-2C2B-41DA-9825-8ABAC7C95E38',42,10,N'Không Khoá'),
	   ('7465CA3A-91C1-4350-A314-8557D54F02BD','8BF0E51F-1C56-4033-A3D2-88B6D9FE2AA6',37,5,N'Không Khoá'),
	   ('71F50A50-D64F-4B96-9700-AC7ED4F0282A','8BF0E51F-1C56-4033-A3D2-88B6D9FE2AA6',38,5,N'Không Khoá'),
	   ('A6F70D91-C23B-40B6-A1D0-6CE314954E76','51889068-C03B-4C21-A5DE-60F94775F5E8',38,5,N'Không Khoá'),
	   ('48624EED-58C3-4F30-9262-911869A36524','51889068-C03B-4C21-A5DE-60F94775F5E8',39,5,N'Không Khoá'),
	   ('C4A3F5F0-5281-4AE4-A348-1BC8794F35FF','EE9FB193-E170-4675-949A-211BB4BA1D6A',36,10,N'Không Khoá'),
	   ('471D8D5B-377A-4547-8B30-BD903FE48664','EE9FB193-E170-4675-949A-211BB4BA1D6A',37,10,N'Không Khoá'),
	   ('07B732E8-E414-4D85-9789-3CF5DEDA30DF','0D60B157-20D6-4CD3-BAF8-92D346FBD47E',37,10,N'Không Khoá'),
	   ('60E99C83-381F-4EA7-B497-53CB76097740','0D60B157-20D6-4CD3-BAF8-92D346FBD47E',38,10,N'Không Khoá'),
	   ('3125ACC4-D605-48CA-B0BC-95E790097C0F','CDA692F1-8559-454D-8702-E89D06CBA617',39,10,N'Không Khoá'),
	   ('19A7C401-5BEA-444D-AA9B-F37D1D5780D9','CDA692F1-8559-454D-8702-E89D06CBA617',40,5,N'Không Khoá'),
	   ('3630AE58-4C96-41B2-8492-BC5FDDC7B260','3014E623-489E-4258-8B49-B3583107347F',41,5,N'Không Khoá'),
	   ('4BF2DD46-8C54-4F8C-B20D-4E9D9A94412C','1949BFBC-D0A7-4B5D-879F-AA4B43067DE0',41,10,N'Không Khoá'),
	   ('F13CD985-8D13-44EF-8B9F-731FF6FB5CC8','DA742174-B221-4FD0-8305-572073C7E045',42,10,N'Không Khoá'),
	   ('898DEFA0-928B-4F2A-8F09-D0934E7BA200','6FA36E51-6939-4456-B602-25B9DF0DEA54',37,5,N'Không Khoá'),
	   ('AD8800FB-5D6C-481D-ABDE-9170BF5E0C19','9B7FB6AD-6A62-41AD-936F-5AE5EFBB4E96',38,5,N'Không Khoá'),
	   ('E6339AE8-C1C3-4D58-A2C8-361EC74DB5B7','7DED44CB-C3DA-4701-8051-BCB2BFE57E1D',38,5,N'Không Khoá'),
	   ('214B2BC8-2AF4-4F1D-BB23-596C2D07FB50','0233F0B6-E01D-445B-8064-8EBB798B8B63',39,5,N'Không Khoá'),
	   ('7A7CBC55-9C24-4F40-832C-AD6F00ED9E41','1E770E9C-A7F6-4829-BC99-2B2C231C2432',36,10,N'Không Khoá'),
	   ('728527C7-1960-4225-8231-F6F2CB6540E3','413BC289-D522-4725-874F-4A276C6E77DB',37,10,N'Không Khoá'),
	   ('42E34F22-4515-4F39-93AC-D7A972EB2448','BEB67101-F488-4177-8366-E8C735BB86F2',37,10,N'Không Khoá'),
	   ('DC5FA8BB-75B0-4761-98A1-00F816663CFB','19AB2F52-E016-4F1E-85D4-786533782B01',38,10,N'Không Khoá')

INSERT INTO PhieuDat
	VALUES('4B053A63-622F-46E0-B03A-311DA617B65E', 'PD-1', '0C2F1A1B-6412-4FE2-B229-5FCE555349FC', GETDATE(), , N'Không khoá')

INSERT INTO ChiTietPhieuDat
	VALUES('4B053A63-622F-46E0-B03A-311DA617B65E', '')