USE QLBanGiay
GO
--
INSERT INTO LoaiNguoiDung
	VALUES ('75523BB6-C366-4A28-A85C-B4C8C1D5747A', 'USR-WMT', N'Webmaster'),
		   ('15CF8A9B-517E-4BAE-91E2-F30C596990ED', 'USR-CUS', N'Khách hàng'),
		   ('EA9FC9A5-9C26-40A4-9E8E-BB3DAE4E0156', 'USR-MER', N'Thương nhân')

INSERT INTO TaiKhoan
	VALUES('CA2EE7E2-7F64-4A5A-A49B-E22E9E05F053', 'merchant1', 'F98919752BF9BFB31E539A1FE663FD68', 'hieu.trung.030197@gmail.com', N'Hiếu Trung', '09354268754', '654238415', 'EA9FC9A5-9C26-40A4-9E8E-BB3DAE4E0156', GETDATE(), 0, N'Không khoá'),
	      ('18D79B1D-EE48-459A-AD1D-09A05A4773AD', 'merchant2', '8B550A0CA911A53B1C6FC398C7828F40', 'tnngo.97@gmail.com', N'Thị Nho', '09345123654', '356984126', 'EA9FC9A5-9C26-40A4-9E8E-BB3DAE4E0156', GETDATE(), 0, N'Không khoá'),
		  ('0C2F1A1B-6412-4FE2-B229-5FCE555349FC', 'customer1', 'FFBC4675F864E0E9AAB8BDF7A0437010', 'chunglinhdan@gmail.com', N'Trang Thảo', '0934326587', '356742957', '15CF8A9B-517E-4BAE-91E2-F30C596990ED', GETDATE(), 0, N'Không khoá'),
		  ('1FFCCD2B-D22D-4F01-8E5B-2CA3B690D5D7', 'customer2', '5CE4D191FD14AC85A1469FB8C29B7A7B', 'quachdaivy7@gmail.com', N'Đại Vĩ', '0935684251', '597268451', '15CF8A9B-517E-4BAE-91E2-F30C596990ED', GETDATE(), 0, N'Không khoá'),
		  ('87186AF2-0D45-4ACD-898D-D799728C08AE', 'admin', '21232F297A57A5A743894A0E4A801FC3', 'feast.pock@gmail.com', N'Thiên Tuấn', '0934816735', '341267458', '75523BB6-C366-4A28-A85C-B4C8C1D5747A', GETDATE(), 0, N'Không khoá')

INSERT INTO DiaChi
	VALUES('A42E13C6-0AAE-469C-B5A1-3ECDDC7767EB', 'CA2EE7E2-7F64-4A5A-A49B-E22E9E05F053', N'209 Trần Phú P4 Q5', '', N'Không khoá'),
		  ('239C76CD-7C6B-4F38-8D1A-22080B75C18C', 'CA2EE7E2-7F64-4A5A-A49B-E22E9E05F053', N'94 Nguyễn Chí Thanh P3 Q10', '', N'Không khoá'),
		  ('CC133D4A-805C-456A-BD6A-F735561DEDA6', '18D79B1D-EE48-459A-AD1D-09A05A4773AD', N'386 Lê Hồng Phong P1 Q10', '', N'Không khoá'),
		  ('9B71D7CA-08F7-403B-BA95-38D2E4BDE140', '0C2F1A1B-6412-4FE2-B229-5FCE555349FC', N'236 Phó Cơ Điều P6 Q11', '', N'Không khoá'),
		  ('C7120B3E-B986-4A98-AACF-36CF83D124C7', '1FFCCD2B-D22D-4F01-8E5B-2CA3B690D5D7', N'289 Lãnh Binh Thăng P8 Q11', '', N'Không khoá'),
		  ('752E8997-23E9-4DC4-8529-5FBC68066895', '87186AF2-0D45-4ACD-898D-D799728C08AE', N'482 Hồng Bàng P6 Q6', '', N'Không khoá')